[
  {
    "question" : "I am interested in learning how to develop applications in SwiftUI.  Do you have any suggestions for learning?",
    "level" : 2,
    "sortOrder" : 2,
    "answer" : "There are lots of great resources out there.  100DaysOfSwiftUI by Paul Hudson is a great place to start but you also might like to watch videos created by Stewart Lynch who focusses on this topic.",
    "linkType" : "External Link",
    "link" : {
      "url" : "https:\/\/youtube.com\/@StewartLynch",
      "title" : "Stewart Lynch on YouTube"
    }
  },
  {
    "answer" : "Yes, this developer has created many applications.  You can find out more about them on his web site.  See the link below",
    "link" : {
      "title" : "CreaTECH App Portfolio",
      "url" : "https:\/\/www.createchsol.com\/appPortfolio\/"
    },
    "linkType" : "External Link",
    "question" : "Does this developer have more applications?",
    "level" : 2,
    "sortOrder" : 1
  }
]